{"problem_id": 2, "method": "attention", "sentence_scores": {"0": 7.864346984771135e-14, "1": 4.9717714476787023e-23, "2": 2.5836567332761486e-31, "3": 3.531911953950141e-29, "4": 4.262074690338752e-23, "5": 9.8464150354215e-35, "6": 1.1935936996162802e-32, "7": 1.7831701040309975e-36, "8": 2.2786446137800403e-35, "9": 9.575510966005848e-24, "10": 1.2587017753277805e-25, "11": 1.507827835445985e-35, "12": 0.0, "13": 1.3978861667135761e-40, "14": 0.0, "15": 1.406170470200928e-40, "16": 5.069124962954441e-37, "17": 1.440748432582918e-43, "18": 0.0, "19": 0.0, "20": 5.85431556973094e-38, "21": 0.0, "22": 3.0313347021544597e-40, "23": 3.847518689212683e-39, "24": 5.996394976410105e-40, "25": 1.4752946984993912e-36, "26": 9.725051919934697e-43, "27": 3.946577347694921e-37, "28": 9.24089595269348e-32, "29": 8.644490595497508e-43, "30": 1.440748432582918e-43, "31": 0.0, "32": 2.0468154367807644e-32, "33": 0.0, "34": 4.755141007111972e-18, "35": 5.1866943572985046e-42, "36": 5.720840312691161e-36, "37": 6.796602504099416e-37, "38": 0.0, "39": 2.881496865165836e-43, "40": 3.133905184941119e-38, "41": 1.2606548785100533e-41, "42": 0.0, "43": 6.618054550367064e-34, "44": 5.652715848545036e-35, "45": 1.920522271028014e-35, "46": 4.584534282953277e-33, "47": 3.193227569428191e-36, "48": 0.0, "49": 7.793728646057294e-40, "50": 2.0530665164306582e-42, "51": 1.3013560217305206e-40, "52": 5.799012441146245e-42, "53": 6.123180838477402e-43, "54": 4.5491631758805634e-41, "55": 4.9839450341232735e-39, "56": 6.283993168882851e-25, "57": 2.108736467127337e-31, "58": 0.0, "59": 3.9972332829667446e-32, "60": 2.3922751747992342e-36, "61": 6.8435550547688604e-43, "62": 9.295592085434297e-32, "63": 0.0, "64": 0.0, "65": 0.0, "66": 1.9089916731723663e-42, "67": 2.410038594449079e-37, "68": 9.789885599400929e-41, "69": 4.682432405894484e-43, "70": 3.903344089104189e-38, "71": 0.0, "72": 1.63191226538722e-36, "73": 0.0, "74": 3.370882635801612e-32, "75": 0.0, "76": 1.0805613244371885e-43, "77": 0.0, "78": 0.0, "79": 0.0, "80": 1.3858198985906943e-39, "81": 1.3362941712206566e-41, "82": 2.9491444082544203e-23, "83": 3.277702684126138e-42}}