{"problem_id": 0, "method": "attention", "sentence_scores": {"0": 0.12660050955870425, "1": 3.427355570555539e-21, "2": 8.989174637479922e-09, "3": 0.12538972979602345, "4": 0.13649425054177078, "5": 2.8598399282873253e-25, "6": 7.286567541598764e-30, "7": 2.3112417959239388e-27, "8": 0.001975895956875109, "9": 5.802663757135125e-13, "10": 2.862086165970489e-20, "11": 3.072856780558472e-38, "12": 8.499774412703742e-24, "13": 4.459161431543699e-16, "14": 9.532077423416412e-27, "15": 3.7891882295095214e-25, "16": 4.373168321218522e-20, "17": 5.35615617508986e-13, "18": 2.4169742532479785e-10, "19": 2.5024379958250215e-22, "20": 6.325778672192412e-23, "21": 3.0371649336604696e-31, "22": 2.7237226506941574e-17, "23": 8.711081579891138e-19, "24": 1.0592011122437258e-20, "25": 3.138109941837588e-32, "26": 2.9856491840313226e-15, "27": 1.058747963842708e-28, "28": 5.298159127912761e-20, "29": 6.789459131787869e-21, "30": 7.150007543439788e-16, "31": 2.722700023751666e-19, "32": 1.0558326270397093e-15, "33": 1.1384361949722338e-24, "34": 1.8955388528117958e-17, "35": 1.9057833556174377e-27, "36": 6.475183700512029e-25, "37": 5.536616407355881e-27, "38": 4.756802197970125e-19}}