{"problem_id": 1, "method": "attention", "sentence_scores": {"0": 9.249630640576428e-19, "1": 0.2921995833632739, "2": 3.500550151836124e-21, "3": 3.428681756068182e-16, "4": 8.529089025577484e-24, "5": 3.59619622874818e-32, "6": 3.037308860345514e-19, "7": 4.661770948103472e-22, "8": 2.6116800327471146e-31, "9": 1.2809695623864257e-30, "10": 9.761246927420116e-18, "11": 2.460945890418518e-36, "12": 8.353187641196466e-35, "13": 1.5716929285282213e-43, "14": 7.858464642641107e-44, "15": 0.0}}